[
  {
    "pk": 1, 
    "model": "visualization.valuevisualizermap", 
    "fields": {
      "valuetype": 1, 
      "name": "Default color", 
      "visualizertype": 1, 
      "interpolation": 1
    }
  }, 
  {
    "pk": 4, 
    "model": "visualization.valuevisualizermap", 
    "fields": {
      "valuetype": 1, 
      "name": "Default rotation", 
      "visualizertype": 6, 
      "interpolation": 1
    }
  }, 
  {
    "pk": 5, 
    "model": "visualization.valuevisualizermap", 
    "fields": {
      "valuetype": 1, 
      "name": "Default shadowheight", 
      "visualizertype": 6, 
      "interpolation": 1
    }
  }, 
  {
    "pk": 3, 
    "model": "visualization.valuevisualizermap", 
    "fields": {
      "valuetype": 1, 
      "name": "Default symbol", 
      "visualizertype": 4, 
      "interpolation": 1
    }
  }, 
  {
    "pk": 6, 
    "model": "visualization.valuevisualizermap", 
    "fields": {
      "valuetype": 1, 
      "name": "water op straat default", 
      "visualizertype": 1, 
      "interpolation": 1
    }
  }, 
  {
    "pk": 7, 
    "model": "visualization.valuevisualizermap", 
    "fields": {
      "valuetype": 1, 
      "name": "stroomsnelheid", 
      "visualizertype": 1, 
      "interpolation": 1
    }
  }, 
  {
    "pk": 2, 
    "model": "visualization.valuevisualizermap", 
    "fields": {
      "valuetype": 1, 
      "name": "Default size", 
      "visualizertype": 2, 
      "interpolation": 1
    }
  }, 
  {
    "pk": 9, 
    "model": "visualization.valuevisualizermap", 
    "fields": {
      "valuetype": 1, 
      "name": "single size 12", 
      "visualizertype": 2, 
      "interpolation": 1
    }
  }, 
  {
    "pk": 10, 
    "model": "visualization.valuevisualizermap", 
    "fields": {
      "valuetype": 1, 
      "name": "single symbol plus", 
      "visualizertype": 4, 
      "interpolation": 1
    }
  }, 
  {
    "pk": 11, 
    "model": "visualization.valuevisualizermap", 
    "fields": {
      "valuetype": 1, 
      "name": "debiet", 
      "visualizertype": 1, 
      "interpolation": 1
    }
  }, 
  {
    "pk": 8, 
    "model": "visualization.valuevisualizermap", 
    "fields": {
      "valuetype": 1, 
      "name": "waterstand", 
      "visualizertype": 1, 
      "interpolation": 1
    }
  }, 
  {
    "pk": 27, 
    "model": "visualization.valuevisualizermapfloatcolor", 
    "fields": {
      "a": 1.0, 
      "b": 0.0, 
      "g": 0.0, 
      "valuevisualizermap": 8, 
      "r": 1.0, 
      "value_in": -2.0
    }
  }, 
  {
    "pk": 26, 
    "model": "visualization.valuevisualizermapfloatcolor", 
    "fields": {
      "a": 1.0, 
      "b": 0.0, 
      "g": 0.20000000000000001, 
      "valuevisualizermap": 8, 
      "r": 0.80000000000000004, 
      "value_in": -1.5
    }
  }, 
  {
    "pk": 25, 
    "model": "visualization.valuevisualizermapfloatcolor", 
    "fields": {
      "a": 1.0, 
      "b": 0.5, 
      "g": 0.34999999999999998, 
      "valuevisualizermap": 8, 
      "r": 0.5, 
      "value_in": -1.0
    }
  }, 
  {
    "pk": 24, 
    "model": "visualization.valuevisualizermapfloatcolor", 
    "fields": {
      "a": 1.0, 
      "b": 1.0, 
      "g": 0.5, 
      "valuevisualizermap": 8, 
      "r": 0.20000000000000001, 
      "value_in": -0.80000000000000004
    }
  }, 
  {
    "pk": 23, 
    "model": "visualization.valuevisualizermapfloatcolor", 
    "fields": {
      "a": 1.0, 
      "b": 1.0, 
      "g": 0.75, 
      "valuevisualizermap": 8, 
      "r": 0.0, 
      "value_in": -0.59999999999999998
    }
  }, 
  {
    "pk": 19, 
    "model": "visualization.valuevisualizermapfloatcolor", 
    "fields": {
      "a": 1.0, 
      "b": 0.75, 
      "g": 0.90000000000000002, 
      "valuevisualizermap": 8, 
      "r": 0.0, 
      "value_in": -0.40000000000000002
    }
  }, 
  {
    "pk": 18, 
    "model": "visualization.valuevisualizermapfloatcolor", 
    "fields": {
      "a": 1.0, 
      "b": 0.40000000000000002, 
      "g": 1.0, 
      "valuevisualizermap": 8, 
      "r": 0.0, 
      "value_in": -0.20000000000000001
    }
  }, 
  {
    "pk": 21, 
    "model": "visualization.valuevisualizermapfloatcolor", 
    "fields": {
      "a": 1.0, 
      "b": 1.0, 
      "g": 1.0, 
      "valuevisualizermap": 11, 
      "r": 1.0, 
      "value_in": 0.0
    }
  }, 
  {
    "pk": 4, 
    "model": "visualization.valuevisualizermapfloatcolor", 
    "fields": {
      "a": 0.5, 
      "b": 0.10000000000000001, 
      "g": 0.10000000000000001, 
      "valuevisualizermap": 6, 
      "r": 0.10000000000000001, 
      "value_in": 0.0
    }
  }, 
  {
    "pk": 9, 
    "model": "visualization.valuevisualizermapfloatcolor", 
    "fields": {
      "a": 1.0, 
      "b": 0.10000000000000001, 
      "g": 0.10000000000000001, 
      "valuevisualizermap": 7, 
      "r": 0.10000000000000001, 
      "value_in": 0.0
    }
  }, 
  {
    "pk": 17, 
    "model": "visualization.valuevisualizermapfloatcolor", 
    "fields": {
      "a": 1.0, 
      "b": 1.0, 
      "g": 1.0, 
      "valuevisualizermap": 8, 
      "r": 0.0, 
      "value_in": 0.0
    }
  }, 
  {
    "pk": 2, 
    "model": "visualization.valuevisualizermapfloatcolor", 
    "fields": {
      "a": 0.0, 
      "b": 1.0, 
      "g": 0.0, 
      "valuevisualizermap": 1, 
      "r": 0.0, 
      "value_in": 0.0
    }
  }, 
  {
    "pk": 10, 
    "model": "visualization.valuevisualizermapfloatcolor", 
    "fields": {
      "a": 1.0, 
      "b": 0.0, 
      "g": 1.0, 
      "valuevisualizermap": 7, 
      "r": 0.0, 
      "value_in": 0.10000000000000001
    }
  }, 
  {
    "pk": 11, 
    "model": "visualization.valuevisualizermapfloatcolor", 
    "fields": {
      "a": 1.0, 
      "b": 0.5, 
      "g": 0.80000000000000004, 
      "valuevisualizermap": 7, 
      "r": 0.0, 
      "value_in": 0.20000000000000001
    }
  }, 
  {
    "pk": 12, 
    "model": "visualization.valuevisualizermapfloatcolor", 
    "fields": {
      "a": 1.0, 
      "b": 1.0, 
      "g": 0.59999999999999998, 
      "valuevisualizermap": 7, 
      "r": 0.0, 
      "value_in": 0.29999999999999999
    }
  }, 
  {
    "pk": 13, 
    "model": "visualization.valuevisualizermapfloatcolor", 
    "fields": {
      "a": 1.0, 
      "b": 1.0, 
      "g": 0.40000000000000002, 
      "valuevisualizermap": 7, 
      "r": 0.40000000000000002, 
      "value_in": 0.5
    }
  }, 
  {
    "pk": 14, 
    "model": "visualization.valuevisualizermapfloatcolor", 
    "fields": {
      "a": 1.0, 
      "b": 0.5, 
      "g": 0.20000000000000001, 
      "valuevisualizermap": 7, 
      "r": 0.80000000000000004, 
      "value_in": 0.75
    }
  }, 
  {
    "pk": 15, 
    "model": "visualization.valuevisualizermapfloatcolor", 
    "fields": {
      "a": 1.0, 
      "b": 0.0, 
      "g": 0.0, 
      "valuevisualizermap": 7, 
      "r": 1.0, 
      "value_in": 1.0
    }
  }, 
  {
    "pk": 3, 
    "model": "visualization.valuevisualizermapfloatcolor", 
    "fields": {
      "a": 0.0, 
      "b": 0.0, 
      "g": 1.0, 
      "valuevisualizermap": 1, 
      "r": 0.0, 
      "value_in": 1.0
    }
  }, 
  {
    "pk": 22, 
    "model": "visualization.valuevisualizermapfloatcolor", 
    "fields": {
      "a": 1.0, 
      "b": 1.0, 
      "g": 1.0, 
      "valuevisualizermap": 11, 
      "r": 1.0, 
      "value_in": 1.0
    }
  }, 
  {
    "pk": 5, 
    "model": "visualization.valuevisualizermapfloatcolor", 
    "fields": {
      "a": 0.5, 
      "b": 0.10000000000000001, 
      "g": 0.10000000000000001, 
      "valuevisualizermap": 6, 
      "r": 0.90000000000000002, 
      "value_in": 60.0
    }
  }, 
  {
    "pk": 6, 
    "model": "visualization.valuevisualizermapfloatcolor", 
    "fields": {
      "a": 0.5, 
      "b": 0.0, 
      "g": 0.59999999999999998, 
      "valuevisualizermap": 6, 
      "r": 1.0, 
      "value_in": 3600.0
    }
  }, 
  {
    "pk": 8, 
    "model": "visualization.valuevisualizermapfloatcolor", 
    "fields": {
      "a": 1.0, 
      "b": 0.0, 
      "g": 0.0, 
      "valuevisualizermap": 7, 
      "r": 1.0, 
      "value_in": 1e+100
    }
  }, 
  {
    "pk": 20, 
    "model": "visualization.valuevisualizermapfloatcolor", 
    "fields": {
      "a": 1.0, 
      "b": 1.0, 
      "g": 1.0, 
      "valuevisualizermap": 11, 
      "r": 1.0, 
      "value_in": null
    }
  }, 
  {
    "pk": 16, 
    "model": "visualization.valuevisualizermapfloatcolor", 
    "fields": {
      "a": 1.0, 
      "b": 0.0, 
      "g": 0.0, 
      "valuevisualizermap": 7, 
      "r": 1.0, 
      "value_in": null
    }
  }, 
  {
    "pk": 7, 
    "model": "visualization.valuevisualizermapfloatcolor", 
    "fields": {
      "a": 0.5, 
      "b": 0.0, 
      "g": 0.0, 
      "valuevisualizermap": 6, 
      "r": 0.0, 
      "value_in": null
    }
  }, 
  {
    "pk": 1, 
    "model": "visualization.valuevisualizermapfloatcolor", 
    "fields": {
      "a": 0.0, 
      "b": 0.0, 
      "g": 0.0, 
      "valuevisualizermap": 1, 
      "r": 1.0, 
      "value_in": null
    }
  }, 
  {
    "pk": 28, 
    "model": "visualization.valuevisualizermapfloatcolor", 
    "fields": {
      "a": 1.0, 
      "b": 0.0, 
      "g": 0.0, 
      "valuevisualizermap": 8, 
      "r": 1.0, 
      "value_in": null
    }
  }, 
  {
    "pk": 4, 
    "model": "visualization.valuevisualizermapfloatsize", 
    "fields": {
      "y": 24, 
      "valuevisualizermap": 2, 
      "x": 24, 
      "value_in": 2.0
    }
  }, 
  {
    "pk": 2, 
    "model": "visualization.valuevisualizermapfloatsize", 
    "fields": {
      "y": 16, 
      "valuevisualizermap": 2, 
      "x": 16, 
      "value_in": 0.0
    }
  }, 
  {
    "pk": 3, 
    "model": "visualization.valuevisualizermapfloatsize", 
    "fields": {
      "y": 20, 
      "valuevisualizermap": 2, 
      "x": 20, 
      "value_in": 1.0
    }
  }, 
  {
    "pk": 1, 
    "model": "visualization.valuevisualizermapfloatsize", 
    "fields": {
      "y": 12, 
      "valuevisualizermap": 2, 
      "x": 12, 
      "value_in": null
    }
  }, 
  {
    "pk": 5, 
    "model": "visualization.valuevisualizermapfloatsize", 
    "fields": {
      "y": 24, 
      "valuevisualizermap": 2, 
      "x": 24, 
      "value_in": 1e+100
    }
  }, 
  {
    "pk": 6, 
    "model": "visualization.valuevisualizermapfloatsize", 
    "fields": {
      "y": 12, 
      "valuevisualizermap": 9, 
      "x": 12, 
      "value_in": null
    }
  }, 
  {
    "pk": 1, 
    "model": "visualization.valuevisualizermapfloatinteger", 
    "fields": {
      "valuevisualizermap": 4, 
      "value_out": 0, 
      "value_in": null
    }
  }, 
  {
    "pk": 2, 
    "model": "visualization.valuevisualizermapfloatinteger", 
    "fields": {
      "valuevisualizermap": 5, 
      "value_out": 0, 
      "value_in": null
    }
  }, 
  {
    "pk": 3, 
    "model": "visualization.valuevisualizermapfloatstring", 
    "fields": {
      "valuevisualizermap": 3, 
      "value_out": "neerslag_64", 
      "value_in": 3.0
    }
  }, 
  {
    "pk": 2, 
    "model": "visualization.valuevisualizermapfloatstring", 
    "fields": {
      "valuevisualizermap": 3, 
      "value_out": "plus", 
      "value_in": 1.0
    }
  }, 
  {
    "pk": 1, 
    "model": "visualization.valuevisualizermapfloatstring", 
    "fields": {
      "valuevisualizermap": 3, 
      "value_out": "plus", 
      "value_in": null
    }
  }, 
  {
    "pk": 4, 
    "model": "visualization.valuevisualizermapfloatstring", 
    "fields": {
      "valuevisualizermap": 10, 
      "value_out": "plus", 
      "value_in": null
    }
  }, 
  {
    "pk": 4, 
    "model": "visualization.shapedatalegend", 
    "fields": {
      "shadowheight": 5, 
      "name": "pw - waterstand", 
      "symbol_field": 10, 
      "color": 1, 
      "symbol": 3, 
      "shadowheight_field": 10, 
      "size_field": 10, 
      "color_field": 10, 
      "presentationtype": 8, 
      "rotation_field": 10, 
      "rotation": 4, 
      "size": 2
    }
  }, 
  {
    "pk": 2, 
    "model": "visualization.shapedatalegend", 
    "fields": {
      "shadowheight": 5, 
      "name": "pw - stroomsnelheid", 
      "symbol_field": 9, 
      "color": 1, 
      "symbol": 3, 
      "shadowheight_field": 9, 
      "size_field": 9, 
      "color_field": 9, 
      "presentationtype": 7, 
      "rotation_field": 9, 
      "rotation": 4, 
      "size": 1
    }
  }, 
  {
    "pk": 5, 
    "model": "visualization.shapedatalegend", 
    "fields": {
      "shadowheight": 5, 
      "name": "pw - debiet", 
      "symbol_field": 8, 
      "color": 1, 
      "symbol": 3, 
      "shadowheight_field": 8, 
      "size_field": 8, 
      "color_field": 8, 
      "presentationtype": 6, 
      "rotation_field": 8, 
      "rotation": 4, 
      "size": 2
    }
  }, 
  {
    "pk": 1, 
    "model": "visualization.shapedatalegend", 
    "fields": {
      "shadowheight": 5, 
      "name": "Afsluitlocaties crestlevel", 
      "symbol_field": 3, 
      "color": 1, 
      "symbol": 3, 
      "shadowheight_field": 3, 
      "size_field": 3, 
      "color_field": 3, 
      "presentationtype": 4, 
      "rotation_field": 3, 
      "rotation": 4, 
      "size": 2
    }
  }, 
  {
    "pk": 8, 
    "model": "visualization.shapedatalegend", 
    "fields": {
      "shadowheight": 5, 
      "name": "bzm - stroomsnelheid2", 
      "symbol_field": 2, 
      "color": 1, 
      "symbol": 3, 
      "shadowheight_field": 2, 
      "size_field": 2, 
      "color_field": 2, 
      "presentationtype": 14, 
      "rotation_field": 2, 
      "rotation": 4, 
      "size": 2
    }
  }, 
  {
    "pk": 9, 
    "model": "visualization.shapedatalegend", 
    "fields": {
      "shadowheight": 5, 
      "name": "bzm - stroomsnelheid3", 
      "symbol_field": 2, 
      "color": 1, 
      "symbol": 3, 
      "shadowheight_field": 2, 
      "size_field": 2, 
      "color_field": 2, 
      "presentationtype": 13, 
      "rotation_field": 2, 
      "rotation": 4, 
      "size": 2
    }
  }, 
  {
    "pk": 10, 
    "model": "visualization.shapedatalegend", 
    "fields": {
      "shadowheight": 5, 
      "name": "bzm - stroomsnelheid4", 
      "symbol_field": 2, 
      "color": 1, 
      "symbol": 3, 
      "shadowheight_field": 2, 
      "size_field": 2, 
      "color_field": 2, 
      "presentationtype": 12, 
      "rotation_field": 2, 
      "rotation": 4, 
      "size": 2
    }
  }, 
  {
    "pk": 11, 
    "model": "visualization.shapedatalegend", 
    "fields": {
      "shadowheight": 5, 
      "name": "max. waterdiepte overstr. gebied", 
      "symbol_field": 2, 
      "color": 1, 
      "symbol": 3, 
      "shadowheight_field": 2, 
      "size_field": 2, 
      "color_field": 2, 
      "presentationtype": 11, 
      "rotation_field": 2, 
      "rotation": 4, 
      "size": 2
    }
  }, 
  {
    "pk": 12, 
    "model": "visualization.shapedatalegend", 
    "fields": {
      "shadowheight": 5, 
      "name": "max. stroomsnelheid overstr. gebied", 
      "symbol_field": 2, 
      "color": 1, 
      "symbol": 3, 
      "shadowheight_field": 2, 
      "size_field": 2, 
      "color_field": 2, 
      "presentationtype": 2, 
      "rotation_field": 2, 
      "rotation": 4, 
      "size": 2
    }
  }, 
  {
    "pk": 13, 
    "model": "visualization.shapedatalegend", 
    "fields": {
      "shadowheight": 5, 
      "name": "anim. waterdiepte overstr. gebied", 
      "symbol_field": 2, 
      "color": 1, 
      "symbol": 3, 
      "shadowheight_field": 2, 
      "size_field": 2, 
      "color_field": 2, 
      "presentationtype": 2, 
      "rotation_field": 2, 
      "rotation": 4, 
      "size": 2
    }
  }, 
  {
    "pk": 14, 
    "model": "visualization.shapedatalegend", 
    "fields": {
      "shadowheight": 5, 
      "name": "anim. stroomsnelh. overst. gebied", 
      "symbol_field": 2, 
      "color": 1, 
      "symbol": 3, 
      "shadowheight_field": 2, 
      "size_field": 2, 
      "color_field": 2, 
      "presentationtype": 2, 
      "rotation_field": 2, 
      "rotation": 4, 
      "size": 2
    }
  }, 
  {
    "pk": 16, 
    "model": "visualization.shapedatalegend", 
    "fields": {
      "shadowheight": 5, 
      "name": "flow - waterstand", 
      "symbol_field": 19, 
      "color": 1, 
      "symbol": 3, 
      "shadowheight_field": 19, 
      "size_field": 19, 
      "color_field": 19, 
      "presentationtype": 15, 
      "rotation_field": 19, 
      "rotation": 4, 
      "size": 2
    }
  }, 
  {
    "pk": 15, 
    "model": "visualization.shapedatalegend", 
    "fields": {
      "shadowheight": 5, 
      "name": "flow - debiet", 
      "symbol_field": 20, 
      "color": 1, 
      "symbol": 3, 
      "shadowheight_field": 20, 
      "size_field": 20, 
      "color_field": 20, 
      "presentationtype": 16, 
      "rotation_field": 20, 
      "rotation": 4, 
      "size": 2
    }
  }, 
  {
    "pk": 17, 
    "model": "visualization.shapedatalegend", 
    "fields": {
      "shadowheight": 5, 
      "name": "flow -water op straat", 
      "symbol_field": 21, 
      "color": 6, 
      "symbol": 3, 
      "shadowheight_field": 21, 
      "size_field": 21, 
      "color_field": 21, 
      "presentationtype": 17, 
      "rotation_field": 21, 
      "rotation": 4, 
      "size": 2
    }
  }, 
  {
    "pk": 7, 
    "model": "visualization.shapedatalegend", 
    "fields": {
      "shadowheight": 5, 
      "name": "bzm - debiet", 
      "symbol_field": 1, 
      "color": 7, 
      "symbol": 3, 
      "shadowheight_field": 1, 
      "size_field": 1, 
      "color_field": 1, 
      "presentationtype": 1, 
      "rotation_field": 1, 
      "rotation": 4, 
      "size": 2
    }
  }, 
  {
    "pk": 3, 
    "model": "visualization.shapedatalegend", 
    "fields": {
      "shadowheight": 5, 
      "name": "bzm-waterstand", 
      "symbol_field": 4, 
      "color": 8, 
      "symbol": 10, 
      "shadowheight_field": 4, 
      "size_field": 4, 
      "color_field": 4, 
      "presentationtype": 3, 
      "rotation_field": 4, 
      "rotation": 4, 
      "size": 9
    }
  }, 
  {
    "pk": 6, 
    "model": "visualization.shapedatalegend", 
    "fields": {
      "shadowheight": 5, 
      "name": "bzm - stroomsnelheid", 
      "symbol_field": 2, 
      "color": 7, 
      "symbol": 10, 
      "shadowheight_field": 2, 
      "size_field": 2, 
      "color_field": 2, 
      "presentationtype": 2, 
      "rotation_field": 2, 
      "rotation": 4, 
      "size": 2
    }
  }
]
