[
  {
    "pk": 1,
    "model": "auth.group",
    "fields": {
      "name": "demo group",
      "permissions": []
    }
  },
  {
    "pk": 1,
    "model": "auth.user",
    "fields": {
      "username": "admin",
      "first_name": "",
      "last_name": "",
      "is_active": true,
      "is_superuser": true,
      "is_staff": true,
      "last_login": "2010-02-17 09:30:36",
      "groups": [
        1
      ],
      "user_permissions": [],
      "password": "sha1$caae3$40d9dbd02e3cd303b185ebb4aa1458ea89b3fd9b",
      "email": "lizardweb@nelen-schuurmans.nl",
      "date_joined": "2010-02-17 09:30:36"
    }
  },
  {
    "pk": 1,
    "model": "flooding_base.configuration",
    "fields": {
      "coords_s": 50.765000000000001,
      "coords_w": 3.2890000000000001,
      "name": "HHNK",
      "datasourcetype": 1,
      "coords_e": 7.3140000000000001,
      "coords_n": 53.470999999999997,
      "description": ""
    }
  },
  {
    "pk": 2,
    "model": "flooding_base.configuration",
    "fields": {
      "coords_s": 50.765000000000001,
      "coords_w": 3.2890000000000001,
      "name": "Almere",
      "datasourcetype": 1,
      "coords_e": 7.3140000000000001,
      "coords_n": 53.470999999999997,
      "description": "Almere beschrijving"
    }
  },
  {
    "pk": 3,
    "model": "flooding_base.configuration",
    "fields": {
      "coords_s": 50.765000000000001,
      "coords_w": 3.2890000000000001,
      "name": "Purmerend",
      "datasourcetype": 1,
      "coords_e": 7.3140000000000001,
      "coords_n": 53.470999999999997,
      "description": "Purmerend beschrijving"
    }
  },
  {
    "pk": 4,
    "model": "flooding_base.configuration",
    "fields": {
      "coords_s": 50.765000000000001,
      "coords_w": 3.2890000000000001,
      "name": "Assen",
      "datasourcetype": 1,
      "coords_e": 7.3140000000000001,
      "coords_n": 53.470999999999997,
      "description": "Assen beschrijving"
    }
  },
  {
    "pk": 5,
    "model": "flooding_base.configuration",
    "fields": {
      "coords_s": 50.765000000000001,
      "coords_w": 3.2890000000000001,
      "name": "Zeeuwse Eilanden",
      "datasourcetype": 1,
      "coords_e": 7.3140000000000001,
      "coords_n": 53.470999999999997,
      "description": ""
    }
  },
  {
    "pk": 7,
    "model": "flooding_base.configuration",
    "fields": {
      "coords_s": 50.765000000000001,
      "coords_w": 3.2890000000000001,
      "name": "WRO",
      "datasourcetype": 1,
      "coords_e": 7.3140000000000001,
      "coords_n": 53.470999999999997,
      "description": ""
    }
  },
  {
    "pk": 5,
    "model": "flooding_base.datasourceei",
    "fields": {
      "usecustomfilterresponse": false,
      "databaseurltagname": "url_wze_dev",
      "databaseurl": "jdbc:vjdbc:rmi://127.0.0.1:2000/VJdbc,FewsDataStore",
      "customfilterresponse": "",
      "connectorurl": "http://web.lizardsystem.nl:8090/Jdbc2Ei/test",
      "configuration": 5
    }
  },
  {
    "pk": 4,
    "model": "flooding_base.datasourceei",
    "fields": {
      "usecustomfilterresponse": false,
      "databaseurltagname": "url_assn_dev",
      "databaseurl": "jdbc:vjdbc:rmi://127.0.0.1:2002/VJdbc,FewsDataStore",
      "customfilterresponse": "",
      "connectorurl": "http://web.lizardsystem.nl:8090/Jdbc2Ei/test",
      "configuration": 4
    }
  },
  {
    "pk": 3,
    "model": "flooding_base.datasourceei",
    "fields": {
      "usecustomfilterresponse": false,
      "databaseurltagname": "url_purm_dev",
      "databaseurl": "jdbc:vjdbc:rmi://127.0.0.1:2001/VJdbc,FewsDataStore",
      "customfilterresponse": "",
      "connectorurl": "http://web.lizardsystem.nl:8090/Jdbc2Ei/test",
      "configuration": 3
    }
  },
  {
    "pk": 2,
    "model": "flooding_base.datasourceei",
    "fields": {
      "usecustomfilterresponse": false,
      "databaseurltagname": "url_almr_dev",
      "databaseurl": "jdbc:vjdbc:rmi://127.0.0.1:2001/VJdbc,FewsDataStore",
      "customfilterresponse": "",
      "connectorurl": "http://web.lizardsystem.nl:8090/Jdbc2Ei/test",
      "configuration": 2
    }
  },
  {
    "pk": 1,
    "model": "flooding_base.datasourceei",
    "fields": {
      "usecustomfilterresponse": false,
      "databaseurltagname": "url_hhnk_dev",
      "databaseurl": "jdbc:vjdbc:rmi://127.0.0.1:2005/VJdbc,FewsDataStore",
      "customfilterresponse": "",
      "connectorurl": "http://web.lizardsystem.nl:8090/Jdbc2Ei/test",
      "configuration": 1
    }
  },
  {
    "pk": 6,
    "model": "flooding_base.datasourceei",
    "fields": {
      "usecustomfilterresponse": false,
      "databaseurltagname": "url_wro_dev",
      "databaseurl": "jdbc:vjdbc:rmi://127.0.0.1:2006/VJdbc,FewsDataStore",
      "customfilterresponse": "",
      "connectorurl": "http://web.lizardsystem.nl:8090/Jdbc2Ei/test",
      "configuration": 7
    }
  },
  {
    "pk": 1,
    "model": "flooding_base.application",
    "fields": {
      "active": true,
      "type": 1,
      "name": "Fews",
      "description": ""
    }
  },
  {
    "pk": 2,
    "model": "flooding_base.application",
    "fields": {
      "active": true,
      "type": 2,
      "name": "Flooding",
      "description": ""
    }
  },
  {
    "pk": 3,
    "model": "flooding_base.application",
    "fields": {
      "active": true,
      "type": 3,
      "name": "Flow",
      "description": ""
    }
  },
  {
    "pk": 1,
    "model": "flooding_base.subapplication",
    "fields": {
      "application": 1,
      "type": 11,
      "index": 1
    }
  },
  {
    "pk": 3,
    "model": "flooding_base.subapplication",
    "fields": {
      "application": 1,
      "type": 12,
      "index": 2
    }
  },
  {
    "pk": 4,
    "model": "flooding_base.subapplication",
    "fields": {
      "application": 1,
      "type": 13,
      "index": 3
    }
  },
  {
    "pk": 5,
    "model": "flooding_base.subapplication",
    "fields": {
      "application": 1,
      "type": 14,
      "index": 4
    }
  },
  {
    "pk": 2,
    "model": "flooding_base.subapplication",
    "fields": {
      "application": 2,
      "type": 21,
      "index": 1
    }
  },
  {
    "pk": 6,
    "model": "flooding_base.subapplication",
    "fields": {
      "application": 2,
      "type": 22,
      "index": 2
    }
  },
  {
    "pk": 7,
    "model": "flooding_base.subapplication",
    "fields": {
      "application": 2,
      "type": 23,
      "index": 3
    }
  },
  {
    "pk": 8,
    "model": "flooding_base.subapplication",
    "fields": {
      "application": 3,
      "type": 31,
      "index": 1
    }
  },
  {
    "pk": 1,
    "model": "flooding_base.groupconfigurationpermission",
    "fields": {
      "configuration": 4,
      "group": 1,
      "permission": 1
    }
  },
  {
    "pk": 2,
    "model": "flooding_base.groupconfigurationpermission",
    "fields": {
      "configuration": 7,
      "group": 1,
      "permission": 1
    }
  },
  {
    "pk": 1,
    "model": "flooding_base.setting",
    "fields": {
      "remarks": null,
      "value": "ABQIAAAAJF6CAN7ph1ijNyeuwroQERSi0i3DA2Zx1pB9_O2xaMhf8DkveBTDOdAyn0L1yisdEYvLctcYlQg55A",
      "key": "GOOGLEMAPS_KEY"
    }
  },
  {
    "pk": 2,
    "model": "flooding_base.setting",
    "fields": {
      "remarks": null,
      "value": "1",
      "key": "USE_GOOGLEMAPS"
    }
  },
  {
    "pk": 6,
    "model": "flooding_base.setting",
    "fields": {
      "remarks": "",
      "value": "fewsMap",
      "key": "STARTER_SUBAPPLICATION"
    }
  },
  {
    "pk": 3,
    "model": "flooding_base.setting",
    "fields": {
      "remarks": "Wordt ingevuld in:\r\n  appManager.selectApp(4,2);",
      "value": "fews",
      "key": "STARTER_APPLICATION"
    }
  },
  {
    "pk": 7,
    "model": "flooding_base.setting",
    "fields": {
      "remarks": "",
      "value": "static_media/images/lizard_webinterface_white.png",
      "key": "URL_LOGO"
    }
  },
  {
    "pk": 8,
    "model": "flooding_base.setting",
    "fields": {
      "remarks": "",
      "value": "static_media/images/lizard_topbar.png",
      "key": "URL_TOPBAR"
    }
  },
  {
    "pk": 9,
    "model": "flooding_base.setting",
    "fields": {
      "remarks": "",
      "value": "static_media/images/lizard_webinterface_favicon2.ico",
      "key": "URL_FAVICON"
    }
  },
  {
    "pk": 10,
    "model": "flooding_base.setting",
    "fields": {
      "remarks": "",
      "value": "\\\\192.168.0.21\\filedatabase",
      "key": "source_dir"
    }
  },
  {
    "pk": 11,
    "model": "flooding_base.setting",
    "fields": {
      "remarks": "",
      "value": "\\\\192.168.0.21\\resultaten",
      "key": "destination_dir"
    }
  },
  {
    "pk": 12,
    "model": "flooding_base.setting",
    "fields": {
      "remarks": "",
      "value": "c:\\floodingdatabase\\presentation_totaal",
      "key": "presentation_dir"
    }
  },
  {
    "pk": 13,
    "model": "flooding_base.setting",
    "fields": {
      "remarks": "",
      "value": "c:\\floodingdatabase\\LizardFlow",
      "key": "flow_result_dir"
    }
  },
  {
    "pk": 14,
    "model": "flooding_base.setting",
    "fields": {
      "remarks": "",
      "value": "0",
      "key": "USE_OPENSTREETMAPS"
    }
  },
  {
    "pk": 15,
    "model": "flooding_base.setting",
    "fields": {
      "remarks": "",
      "value": "0",
      "key": "RESTRICTMAP"
    }
  },
  {
    "pk": 1,
    "model": "flooding_base.map",
    "fields": {
      "layers": "hhnk",
      "name": "top10 lokaal",
      "srs": "EPSG:4326",
      "url": "http://192.168.0.23:8080/geoserver/wms",
      "active": true,
      "tiled": true,
      "remarks": "http://192.168.0.23:8080/geoserver/wms of http://192.168.0.23:8080/geoserver/gwc/service/wms",
      "transparent": null,
      "is_base_layer": false
    }
  },
  {
    "pk": 2,
    "model": "flooding_base.map",
    "fields": {
      "layers": "hoogtes",
      "name": "ahn",
      "srs": "EPSG:4326",
      "url": "http://ahn.geodan.nl/cgi-bin-noncache/edugis/mapserv.cgi?map=maps/edugis/hoogte.map&",
      "active": true,
      "tiled": null,
      "remarks": null,
      "transparent": true,
      "is_base_layer": false
    }
  },
  {
    "pk": 1,
    "model": "flooding_base.site",
    "fields": {
      "coords_s": 50.765000000000001,
      "favicon_image": "user/favicon/redghost.png",
      "coords_w": 3.2890000000000001,
      "name": "WRO",
      "logo_image": "user/logo/blueghost.png",
      "topbar_image": "",
      "maps": [],
      "coords_e": 7.3140000000000001,
      "configurations": [
        7
      ],
      "subapplications": [],
      "coords_n": 53.470999999999997,
      "starter_application": 1
    }
  },
  {
    "pk": 2,
    "model": "flooding_base.site",
    "fields": {
      "coords_s": 50.765000000000001,
      "favicon_image": "",
      "coords_w": 3.2890000000000001,
      "name": "default_site",
      "logo_image": "",
      "topbar_image": "",
      "maps": [
        1,
        2
      ],
      "coords_e": 7.3140000000000001,
      "configurations": [
        7
      ],
      "subapplications": [
        1,
        3,
        4,
        5,
        2,
        6,
        7,
        8
      ],
      "coords_n": 53.470999999999997,
      "starter_application": 1
    }
  }
]
